Title,URL,Description,Details,ShortDetails,Resource,Type,Identifiers,Db,EntrezUID,Properties
"Genome-Wide Association Study of the Modified Stumvoll Insulin Sensitivity Index Identifies BCL2 and FAM19A2 as Novel Insulin Sensitivity Loci.","/pubmed/27416945","Walford GA, Gustafsson S, Rybin D, Stančáková A, Chen H, Liu CT, Hong J, Jensen RA, Rice K, Morris AP, Mägi R, Tönjes A, Prokopenko I, Kleber ME, Delgado G, Silbernagel G, Jackson AU, Appel EV, Grarup N, Lewis JP, Montasser ME, Landenvall C, et al.","Diabetes. 2016 Oct;65(10):3200-11. doi: 10.2337/db16-0199.","Diabetes.  2016","PubMed","citation","PMID:27416945 | PMCID:PMC5033262","pubmed","27416945","create date:2016/07/16 | first author:Walford GA",
"Targeted Sequencing of Genome Wide Significant Loci Associated with Bone Mineral Density (BMD) Reveals Significant Novel and Rare Variants: The Cohorts for Heart and Aging Research in Genomic Epidemiology (CHARGE) Targeted Sequencing Study.","/pubmed/27616567","Hsu YH, Li G, Liu CT, Brody JA, Karasik D, Chou WC, Demissie S, Nandakumar K, Zhou Y, Cheng CH, Gill R, Gibbs RA, Muzny D, Santibanez J, Estrada K, Rivadeneira F, Harris T, Gudnason V, Uitterlinden A, Psaty BM, Robbins JA, Adrienne Cupples L, et al.","Hum Mol Genet. 2016 Sep 11. pii: ddw289.","Hum Mol Genet.  2016","PubMed","citation","PMID:27616567","pubmed","27616567","create date:2016/09/13 | first author:Hsu YH",
"Meta-analysis of genome-wide association studies of HDL cholesterol response to statins.","/pubmed/27587472","Postmus I, Warren HR, Trompet S, Arsenault BJ, Avery CL, Bis JC, Chasman DI, de Keyser CE, Deshmukh HA, Evans DS, Feng Q, Li X, Smit RA, Smith AV, Sun F, Taylor KD, Arnold AM, Barnes MR, Barratt BJ, Betteridge J, Boekholdt SM, Boerwinkle E, et al.","J Med Genet. 2016 Sep 1. pii: jmedgenet-2016-103966. doi: 10.1136/jmedgenet-2016-103966.","J Med Genet.  2016","PubMed","citation","PMID:27587472","pubmed","27587472","create date:2016/09/03 | first author:Postmus I",
"Visceral Adipose Tissue Is Associated With Bone Microarchitecture in the Framingham Osteoporosis Study.","/pubmed/27487454","Liu CT, Broe KE, Zhou Y, Boyd SK, Cupples LA, Hannan MT, Lim E, McLean RR, Samelson EJ, Bouxsein ML, Kiel DP.","J Bone Miner Res. 2016 Aug 3. doi: 10.1002/jbmr.2931.","J Bone Miner Res.  2016","PubMed","citation","PMID:27487454","pubmed","27487454","create date:2016/08/04 | first author:Liu CT",
"Association of the IGF1 gene with fasting insulin levels.","/pubmed/26860063","Willems SM, Cornes BK, Brody JA, Morrison AC, Lipovich L, Dauriz M, Chen Y, Liu CT, Rybin DV, Gibbs RA, Muzny D, Pankow JS, Psaty BM, Boerwinkle E, Rotter JI, Siscovick DS, Vasan RS, Kaplan RC, Isaacs A, Dupuis J, van Duijn CM, Meigs JB.","Eur J Hum Genet. 2016 Aug;24(9):1337-43. doi: 10.1038/ejhg.2016.4.","Eur J Hum Genet.  2016","PubMed","citation","PMID:26860063 | PMCID:PMC4989214","pubmed","26860063","create date:2016/02/11 | first author:Willems SM",
"Novel Genetic Variants Associated With Increased Vertebral Volumetric BMD, Reduced Vertebral Fracture Risk, and Increased Expression of SLC1A3 and EPHB2.","/pubmed/27476799","Nielson CM, Liu CT, Smith AV, Ackert-Bicknell CL, Reppe S, Jakobsdottir J, Wassel C, Register TC, Oei L, Alonso N, Oei EH, Parimi N, Samelson EJ, Nalls MA, Zmuda J, Lang T, Bouxsein M, Latourelle J, Claussnitzer M, Siggeirsdottir K, Srikanth P, Lorentzen E, et al.","J Bone Miner Res. 2016 Aug 1. doi: 10.1002/jbmr.2913.","J Bone Miner Res.  2016","PubMed","citation","PMID:27476799","pubmed","27476799","create date:2016/08/02 | first author:Nielson CM",
"Trans-ethnic Meta-analysis and Functional Annotation Illuminates the Genetic Architecture of Fasting Glucose and Insulin.","/pubmed/27321945","Liu CT, Raghavan S, Maruthur N, Kabagambe EK, Hong J, Ng MC, Hivert MF, Lu Y, An P, Bentley AR, Drolet AM, Gaulton KJ, Guo X, Armstrong LL, Irvin MR, Li M, Lipovich L, Rybin DV, Taylor KD, Agyemang C, Palmer ND, Cade BE, et al.","Am J Hum Genet. 2016 Jul 7;99(1):56-75. doi: 10.1016/j.ajhg.2016.05.006.","Am J Hum Genet.  2016","PubMed","citation","PMID:27321945 | PMCID:PMC5005440","pubmed","27321945","create date:2016/06/21 | first author:Liu CT",
"Evaluation of a Two-Stage Approach in Trans-Ethnic Meta-Analysis in Genome-Wide Association Studies.","/pubmed/27061095","Hong J, Lunetta KL, Cupples LA, Dupuis J, Liu CT.","Genet Epidemiol. 2016 May;40(4):284-92. doi: 10.1002/gepi.21963.","Genet Epidemiol.  2016","PubMed","citation","PMID:27061095 | PMCID:PMC4833581","pubmed","27061095","create date:2016/04/12 | first author:Hong J",
"Genetic fine mapping and genomic annotation defines causal mechanisms at type 2 diabetes susceptibility loci.","/pubmed/26551672","Gaulton KJ, Ferreira T, Lee Y, Raimondo A, Mägi R, Reschen ME, Mahajan A, Locke A, Rayner NW, Robertson N, Scott RA, Prokopenko I, Scott LJ, Green T, Sparso T, Thuillier D, Yengo L, Grallert H, Wahl S, Frånberg M, Strawbridge RJ, Kestler H, et al.","Nat Genet. 2015 Dec;47(12):1415-25. doi: 10.1038/ng.3437.","Nat Genet.  2015","PubMed","citation","PMID:26551672 | PMCID:PMC4666734","pubmed","26551672","create date:2015/11/10 | first author:Gaulton KJ",
"Whole-genome sequencing identifies EN1 as a determinant of bone density and fracture.","/pubmed/26367794","Zheng HF, Forgetta V, Hsu YH, Estrada K, Rosello-Diez A, Leo PJ, Dahia CL, Park-Min KH, Tobias JH, Kooperberg C, Kleinman A, Styrkarsdottir U, Liu CT, Uggla C, Evans DS, Nielson CM, Walter K, Pettersson-Kymmer U, McCarthy S, Eriksson J, Kwan T, Jhamai M, et al.","Nature. 2015 Oct 1;526(7571):112-7. doi: 10.1038/nature14878.","Nature.  2015","PubMed","citation","PMID:26367794 | PMCID:PMC4755714","pubmed","26367794","create date:2015/09/15 | first author:Zheng HF",
"New genetic loci link adipose and insulin biology to body fat distribution.","/pubmed/25673412","Shungin D, Winkler TW, Croteau-Chonka DC, Ferreira T, Locke AE, Mägi R, Strawbridge RJ, Pers TH, Fischer K, Justice AE, Workalemahu T, Wu JM, Buchkovich ML, Heard-Costa NL, Roman TS, Drong AW, Song C, Gustafsson S, Day FR, Esko T, Fall T, Kutalik Z, et al.","Nature. 2015 Feb 12;518(7538):187-96. doi: 10.1038/nature14132.","Nature.  2015","PubMed","citation","PMID:25673412 | PMCID:PMC4338562","pubmed","25673412","create date:2015/02/13 | first author:Shungin D",
"Genome-wide association analysis of plasma B-type natriuretic peptide in blacks: the Jackson Heart Study.","/pubmed/25561047","Musani SK, Fox ER, Kraja A, Bidulescu A, Lieb W, Lin H, Beecham A, Chen MH, Felix JF, Fox CS, Kao WH, Kardia SL, Liu CT, Nalls MA, Rundek T, Sacco RL, Smith J, Sun YV, Wilson G, Zhang Z, Mosley TH, Taylor HA, et al.","Circ Cardiovasc Genet. 2015 Feb;8(1):122-30. doi: 10.1161/CIRCGENETICS.114.000900.","Circ Cardiovasc Genet.  2015","PubMed","citation","PMID:25561047 | PMCID:PMC4426827","pubmed","25561047","create date:2015/01/07 | first author:Musani SK",
"Vitamin D Status, Receptor Gene Polymorphisms, and Supplementation on Tuberculosis: A Systematic Review of Case-Control Studies and Randomized Controlled Trials.","/pubmed/25599020","Sutaria N, Liu CT, Chen TC.","J Clin Transl Endocrinol. 2014 Dec 1;1(4):151-160.","J Clin Transl Endocrinol.  2014","PubMed","citation","PMID:25599020 | PMCID:PMC4295520","pubmed","25599020","create date:2015/01/20 | first author:Sutaria N",
"Pharmacogenetic meta-analysis of genome-wide association studies of LDL cholesterol response to statins.","/pubmed/25350695","Postmus I, Trompet S, Deshmukh HA, Barnes MR, Li X, Warren HR, Chasman DI, Zhou K, Arsenault BJ, Donnelly LA, Wiggins KL, Avery CL, Griffin P, Feng Q, Taylor KD, Li G, Evans DS, Smith AV, de Keyser CE, Johnson AD, de Craen AJ, Stott DJ, et al.","Nat Commun. 2014 Oct 28;5:5068. doi: 10.1038/ncomms6068.","Nat Commun.  2014","PubMed","citation","PMID:25350695 | PMCID:PMC4220464","pubmed","25350695","create date:2014/10/29 | first author:Postmus I",
"Multi-ethnic fine-mapping of 14 central adiposity loci.","/pubmed/24760767","Liu CT, Buchkovich ML, Winkler TW, Heid IM; African Ancestry Anthropometry Genetics Consortium.; GIANT Consortium., Borecki IB, Fox CS, Mohlke KL, North KE, Adrienne Cupples L.","Hum Mol Genet. 2014 Sep 1;23(17):4738-44. doi: 10.1093/hmg/ddu183.","Hum Mol Genet.  2014","PubMed","citation","PMID:24760767 | PMCID:PMC4119415","pubmed","24760767","create date:2014/04/25 | first author:Liu CT",
"Comparing baseline and longitudinal measures in association studies.","/pubmed/25519412","Wang S, Gao W, Ngwa J, Allard C, Liu CT, Cupples LA.","BMC Proc. 2014 Jun 17;8(Suppl 1 Genetic Analysis Workshop 18Vanessa Olmo):S84. doi: 10.1186/1753-6561-8-S1-S84.","BMC Proc.  2014","PubMed","citation","PMID:25519412 | PMCID:PMC4143666","pubmed","25519412","create date:2014/12/19 | first author:Wang S",
"Meta-analysis of loci associated with age at natural menopause in African-American women.","/pubmed/24493794","Chen CT, Liu CT, Chen GK, Andrews JS, Arnold AM, Dreyfus J, Franceschini N, Garcia ME, Kerr KF, Li G, Lohman KK, Musani SK, Nalls MA, Raffel LJ, Smith J, Ambrosone CB, Bandera EV, Bernstein L, Britton A, Brzyski RG, Cappola A, Carlson CS, et al.","Hum Mol Genet. 2014 Jun 15;23(12):3327-42. doi: 10.1093/hmg/ddu041.","Hum Mol Genet.  2014","PubMed","citation","PMID:24493794 | PMCID:PMC4030781","pubmed","24493794","create date:2014/02/05 | first author:Chen CT",
"Association of levels of fasting glucose and insulin with rare variants at the chromosome 11p11.2-MADD locus: Cohorts for Heart and Aging Research in Genomic Epidemiology (CHARGE) Consortium Targeted Sequencing Study.","/pubmed/24951664","Cornes BK, Brody JA, Nikpoor N, Morrison AC, Dang HC, Ahn BS, Wang S, Dauriz M, Barzilay JI, Dupuis J, Florez JC, Coresh J, Gibbs RA, Kao WH, Liu CT, McKnight B, Muzny D, Pankow JS, Reid JG, White CC, Johnson AD, Wong TY, et al.","Circ Cardiovasc Genet. 2014 Jun;7(3):374-82. doi: 10.1161/CIRCGENETICS.113.000169.","Circ Cardiovasc Genet.  2014","PubMed","citation","PMID:24951664 | PMCID:PMC4066205","pubmed","24951664","create date:2014/06/22 | first author:Cornes BK",
"Sequencing of SCN5A identifies rare and common variants associated with cardiac conduction: Cohorts for Heart and Aging Research in Genomic Epidemiology (CHARGE) Consortium.","/pubmed/24951663","Magnani JW, Brody JA, Prins BP, Arking DE, Lin H, Yin X, Liu CT, Morrison AC, Zhang F, Spector TD, Alonso A, Bis JC, Heckbert SR, Lumley T, Sitlani CM, Cupples LA, Lubitz SA, Soliman EZ, Pulit SL, Newton-Cheh C, O'Donnell CJ, Ellinor PT, et al.","Circ Cardiovasc Genet. 2014 Jun;7(3):365-73. doi: 10.1161/CIRCGENETICS.113.000098.","Circ Cardiovasc Genet.  2014","PubMed","citation","PMID:24951663 | PMCID:PMC4177904","pubmed","24951663","create date:2014/06/22 | first author:Magnani JW",
"Sequence variation in TMEM18 in association with body mass index: Cohorts for Heart and Aging Research in Genomic Epidemiology (CHARGE) Consortium Targeted Sequencing Study.","/pubmed/24951660","Liu CT, Young KL, Brody JA, Olden M, Wojczynski MK, Heard-Costa N, Li G, Morrison AC, Muzny D, Gibbs RA, Reid JG, Shao Y, Zhou Y, Boerwinkle E, Heiss G, Wagenknecht L, McKnight B, Borecki IB, Fox CS, North KE, Cupples LA.","Circ Cardiovasc Genet. 2014 Jun;7(3):344-9. doi: 10.1161/CIRCGENETICS.13.000067.","Circ Cardiovasc Genet.  2014","PubMed","citation","PMID:24951660 | PMCID:PMC4135723","pubmed","24951660","create date:2014/06/22 | first author:Liu CT",
"Strategies to design and analyze targeted sequencing data: cohorts for Heart and Aging Research in Genomic Epidemiology (CHARGE) Consortium Targeted Sequencing Study.","/pubmed/24951659","Lin H, Wang M, Brody JA, Bis JC, Dupuis J, Lumley T, McKnight B, Rice KM, Sitlani CM, Reid JG, Bressler J, Liu X, Davis BC, Johnson AD, O'Donnell CJ, Kovar CL, Dinh H, Wu Y, Newsham I, Chen H, Broka A, DeStefano AL, et al.","Circ Cardiovasc Genet. 2014 Jun;7(3):335-43. doi: 10.1161/CIRCGENETICS.113.000350.","Circ Cardiovasc Genet.  2014","PubMed","citation","PMID:24951659 | PMCID:PMC4176824","pubmed","24951659","create date:2014/06/22 | first author:Lin H",
"Genetic determinants of heel bone properties: genome-wide association meta-analysis and replication in the GEFOS/GENOMOS consortium.","/pubmed/24430505","Moayyeri A, Hsu YH, Karasik D, Estrada K, Xiao SM, Nielson C, Srikanth P, Giroux S, Wilson SG, Zheng HF, Smith AV, Pye SR, Leo PJ, Teumer A, Hwang JY, Ohlsson C, McGuigan F, Minster RL, Hayward C, Olmos JM, Lyytikäinen LP, Lewis JR, et al.","Hum Mol Genet. 2014 Jun 1;23(11):3054-68. doi: 10.1093/hmg/ddt675.","Hum Mol Genet.  2014","PubMed","citation","PMID:24430505 | PMCID:PMC4038791","pubmed","24430505","create date:2014/01/17 | first author:Moayyeri A",
"Genome-wide trans-ancestry meta-analysis provides insight into the genetic architecture of type 2 diabetes susceptibility.","/pubmed/24509480","DIAbetes Genetics Replication And Meta-analysis (DIAGRAM) Consortium.; Asian Genetic Epidemiology Network Type 2 Diabetes (AGEN-T2D) Consortium.; South Asian Type 2 Diabetes (SAT2D) Consortium.; Mexican American Type 2 Diabetes (MAT2D) Consortium.; Type 2 Diabetes Genetic Exploration by Nex-generation sequencing in muylti-Ethnic Samples (T2D-GENES) Consortium., Mahajan A, Go MJ, Zhang W, Below JE, Gaulton KJ, Ferreira T, Horikoshi M, Johnson AD, Ng MC, Prokopenko I, Saleheen D, Wang X, Zeggini E, Abecasis GR, Adair LS, Almgren P, Atalay M, et al.","Nat Genet. 2014 Mar;46(3):234-44. doi: 10.1038/ng.2897.","Nat Genet.  2014","PubMed","citation","PMID:24509480 | PMCID:PMC3969612","pubmed","24509480","create date:2014/02/11 | first author:DIAbetes Genetics Replication And Meta-analysis (DIAGRAM) Consortium.",
"Genome-wide association study for radiographic vertebral fractures: a potential role for the 16q24 BMD locus.","/pubmed/24516880","Oei L, Estrada K, Duncan EL, Christiansen C, Liu CT, Langdahl BL, Obermayer-Pietsch B, Riancho JA, Prince RL, van Schoor NM, McCloskey E, Hsu YH, Evangelou E, Ntzani E, Evans DM, Alonso N, Husted LB, Valero C, Hernandez JL, Lewis JR, Kaptoge SK, Zhu K, et al.","Bone. 2014 Feb;59:20-7.","Bone.  2014","PubMed","citation","PMID:24516880 | PMCID:PMC4102322","pubmed","24516880","create date:2014/02/12 | first author:Oei L",
"A randomized trial of the clinical utility of genetic testing for obesity: design and implementation considerations.","/pubmed/24216219","Wang C, Gordon ES, Stack CB, Liu CT, Norkunas T, Wawak L, Christman MF, Green RC, Bowen DJ.","Clin Trials. 2014 Feb;11(1):102-13. doi: 10.1177/1740774513508029.","Clin Trials.  2014","PubMed","citation","PMID:24216219 | PMCID:PMC3946398","pubmed","24216219","create date:2013/11/13 | first author:Wang C",
"A genome-wide copy number association study of osteoporotic fractures points to the 6p25.1 locus.","/pubmed/24343915","Oei L, Hsu YH, Styrkarsdottir U, Eussen BH, de Klein A, Peters MJ, Halldorsson B, Liu CT, Alonso N, Kaptoge SK, Thorleifsson G, Hallmans G, Hocking LJ, Husted LB, Jameson KA, Kruk M, Lewis JR, Patel MS, Scollen S, Svensson O, Trompet S, van Schoor NM, et al.","J Med Genet. 2014 Feb;51(2):122-31. doi: 10.1136/jmedgenet-2013-102064.","J Med Genet.  2014","PubMed","citation","PMID:24343915","pubmed","24343915","create date:2013/12/18 | first author:Oei L",
"Genome-wide Association Study for Radiographic Vertebral Fractures: A Potential Role for the 16q24 BMD Locus versus Lessons Learned from Challenging Phenotype Definition.","/pubmed/24513584","Oei L, Estrada K, Duncan EL, Christiansen C, Liu CT, Langdahl BL, Obermayer-Pietsch B, Riancho JA, Prince RL, van Schoor NM, McCloskey E, Hsu YH, Evangelou E, Ntzani E, Evans DM, Alonso N, Husted LB, Valero C, Hernandez JL, Lewis JR, Kaptoge SK, Zhu K, et al.","Bone. 2013 Oct 25. pii: S8756-3282(13)00425-0. doi: 10.1016/j.bone.2013.10.015.","Bone.  2013","PubMed","citation","PMID:24513584","pubmed","24513584","create date:2014/02/12 | first author:Oei L",
"Mendelian randomization studies do not support a causal role for reduced circulating adiponectin levels in insulin resistance and type 2 diabetes.","/pubmed/23835345","Yaghootkar H, Lamina C, Scott RA, Dastani Z, Hivert MF, Warren LL, Stancáková A, Buxbaum SG, Lyytikäinen LP, Henneman P, Wu Y, Cheung CY, Pankow JS, Jackson AU, Gustafsson S, Zhao JH, Ballantyne CM, Xie W, Bergman RN, Boehnke M, el Bouazzaoui F, Collins FS, et al.","Diabetes. 2013 Oct;62(10):3589-98. doi: 10.2337/db13-0128. Review.","Diabetes.  2013","PubMed","citation","PMID:23835345 | PMCID:PMC3781444","pubmed","23835345","create date:2013/07/10 | first author:Yaghootkar H",
"Genome-wide association study of age at menarche in African-American women.","/pubmed/23599027","Demerath EW, Liu CT, Franceschini N, Chen G, Palmer JR, Smith EN, Chen CT, Ambrosone CB, Arnold AM, Bandera EV, Berenson GS, Bernstein L, Britton A, Cappola AR, Carlson CS, Chanock SJ, Chen W, Chen Z, Deming SL, Elks CE, Evans MK, Gajdos Z, et al.","Hum Mol Genet. 2013 Aug 15;22(16):3329-46. doi: 10.1093/hmg/ddt181.","Hum Mol Genet.  2013","PubMed","citation","PMID:23599027 | PMCID:PMC3723312","pubmed","23599027","create date:2013/04/20 | first author:Demerath EW",
"Common variants in and near IRS1 and subclinical cardiovascular disease in the Framingham Heart Study.","/pubmed/23659870","Lim S, Hong J, Liu CT, Hivert MF, White CC, Murabito JM, O'Donnell CJ, Dupuis J, Florez JC, Meigs JB.","Atherosclerosis. 2013 Jul;229(1):149-54. doi: 10.1016/j.atherosclerosis.2013.03.037.","Atherosclerosis.  2013","PubMed","citation","PMID:23659870 | PMCID:PMC4040123","pubmed","23659870","create date:2013/05/11 | first author:Lim S",
"Meta-analysis of genome-wide studies identifies WNT16 and ESR1 SNPs associated with bone mineral density in premenopausal women.","/pubmed/23074152","Koller DL, Zheng HF, Karasik D, Yerges-Armstrong L, Liu CT, McGuigan F, Kemp JP, Giroux S, Lai D, Edenberg HJ, Peacock M, Czerwinski SA, Choh AC, McMahon G, St Pourcain B, Timpson NJ, Lawlor DA, Evans DM, Towne B, Blangero J, Carless MA, Kammerer C, et al.","J Bone Miner Res. 2013 Mar;28(3):547-58. doi: 10.1002/jbmr.1796.","J Bone Miner Res.  2013","PubMed","citation","PMID:23074152 | PMCID:PMC3691010","pubmed","23074152","create date:2012/10/18 | first author:Koller DL",
"Genome-wide association of body fat distribution in African ancestry populations suggests new loci.","/pubmed/23966867","Liu CT, Monda KL, Taylor KC, Lange L, Demerath EW, Palmas W, Wojczynski MK, Ellis JC, Vitolins MZ, Liu S, Papanicolaou GJ, Irvin MR, Xue L, Griffin PJ, Nalls MA, Adeyemo A, Liu J, Li G, Ruiz-Narvaez EA, Chen WM, Chen F, Henderson BE, et al.","PLoS Genet. 2013;9(8):e1003681. doi: 10.1371/journal.pgen.1003681.","PLoS Genet.  2013","PubMed","citation","PMID:23966867 | PMCID:PMC3744443","pubmed","23966867","create date:2013/08/24 | first author:Liu CT",
"Functional analysis of HapMap SNPs.","/pubmed/23041558","Liu CT, Lin H, Lin H.","Gene. 2012 Dec 15;511(2):358-63. doi: 10.1016/j.gene.2012.09.075.","Gene.  2012","PubMed","citation","PMID:23041558","pubmed","23041558","create date:2012/10/09 | first author:Liu CT",
"Integration of genome-wide association studies with biological knowledge identifies six novel genes related to kidney function.","/pubmed/22962313","Chasman DI, Fuchsberger C, Pattaro C, Teumer A, Böger CA, Endlich K, Olden M, Chen MH, Tin A, Taliun D, Li M, Gao X, Gorski M, Yang Q, Hundertmark C, Foster MC, O'Seaghdha CM, Glazer N, Isaacs A, Liu CT, Smith AV, O'Connell JR, et al.","Hum Mol Genet. 2012 Dec 15;21(24):5329-43. doi: 10.1093/hmg/dds369.","Hum Mol Genet.  2012","PubMed","citation","PMID:22962313 | PMCID:PMC3607468","pubmed","22962313","create date:2012/09/11 | first author:Chasman DI",
"The distribution of circulating microRNA and their relation to coronary disease.","/pubmed/24358814","Freedman JE, Ercan B, Morin KM, Liu CT, Tamer L, Ayaz L, Kanadasi M, Cicek D, Seyhan AI, Akilli RE, Camci C, Cengiz B, Oztuzcu S, Tanriverdi K.","F1000Res. 2012 Nov 19;1:50. doi: 10.12688/f1000research.1-50.v1.","F1000Res.  2012","PubMed","citation","PMID:24358814 | PMCID:PMC3752638","pubmed","24358814","create date:2012/01/01 | first author:Freedman JE",
"Assessment of gene-by-sex interaction effect on bone mineral density.","/pubmed/22692763","Liu CT, Estrada K, Yerges-Armstrong LM, Amin N, Evangelou E, Li G, Minster RL, Carless MA, Kammerer CM, Oei L, Zhou Y, Alonso N, Dailiana Z, Eriksson J, García-Giralt N, Giroux S, Husted LB, Khusainova RI, Koromila T, Kung AW, Lewis JR, Masi L, et al.","J Bone Miner Res. 2012 Oct;27(10):2051-64. doi: 10.1002/jbmr.1679.","J Bone Miner Res.  2012","PubMed","citation","PMID:22692763 | PMCID:PMC3447125","pubmed","22692763","create date:2012/06/14 | first author:Liu CT",
"Bayesian methods for multivariate modeling of pleiotropic SNP associations and genetic risk prediction.","/pubmed/22973300","Hartley SW, Monti S, Liu CT, Steinberg MH, Sebastiani P.","Front Genet. 2012 Sep 11;3:176. doi: 10.3389/fgene.2012.00176.","Front Genet.  2012","PubMed","citation","PMID:22973300 | PMCID:PMC3438684","pubmed","22973300","create date:2012/09/14 | first author:Hartley SW",
"Ultraconserved elements in the human genome: association and transmission analyses of highly constrained single-nucleotide polymorphisms.","/pubmed/22714408","Chiang CW, Liu CT, Lettre G, Lange LA, Jorgensen NW, Keating BJ, Vedantam S, Nock NL, Franceschini N, Reiner AP, Demerath EW, Boerwinkle E, Rotter JI, Wilson JG, North KE, Papanicolaou GJ, Cupples LA; Genetic Investigation of ANthropometric Traits Consortium., Murabito JM, Hirschhorn JN.","Genetics. 2012 Sep;192(1):253-66. doi: 10.1534/genetics.112.141945.","Genetics.  2012","PubMed","citation","PMID:22714408 | PMCID:PMC3430540","pubmed","22714408","create date:2012/06/21 | first author:Chiang CW",
"Large-scale association analyses identify new loci influencing glycemic traits and provide insight into the underlying biological pathways.","/pubmed/22885924","Scott RA, Lagou V, Welch RP, Wheeler E, Montasser ME, Luan J, Mägi R, Strawbridge RJ, Rehnberg E, Gustafsson S, Kanoni S, Rasmussen-Torvik LJ, Yengo L, Lecoeur C, Shungin D, Sanna S, Sidore C, Johnson PC, Jukema JW, Johnson T, Mahajan A, Verweij N, et al.","Nat Genet. 2012 Sep;44(9):991-1005. doi: 10.1038/ng.2385.","Nat Genet.  2012","PubMed","citation","PMID:22885924 | PMCID:PMC3433394","pubmed","22885924","create date:2012/08/14 | first author:Scott RA",
"Large-scale association analysis provides insights into the genetic architecture and pathophysiology of type 2 diabetes.","/pubmed/22885922","Morris AP, Voight BF, Teslovich TM, Ferreira T, Segrè AV, Steinthorsdottir V, Strawbridge RJ, Khan H, Grallert H, Mahajan A, Prokopenko I, Kang HM, Dina C, Esko T, Fraser RM, Kanoni S, Kumar A, Lagou V, Langenberg C, Luan J, Lindgren CM, Müller-Nurasyid M, et al.","Nat Genet. 2012 Sep;44(9):981-90. doi: 10.1038/ng.2383.","Nat Genet.  2012","PubMed","citation","PMID:22885922 | PMCID:PMC3442244","pubmed","22885922","create date:2012/08/14 | first author:Morris AP",
"Validated SNPs for eGFR and their associations with albuminuria.","/pubmed/22492995","Ellis JW, Chen MH, Foster MC, Liu CT, Larson MG, de Boer I, Köttgen A, Parsa A, Bochud M, Böger CA, Kao L, Fox CS, O'Seaghdha CM; CKDGen Consortium.; CARe Renal Consortium..","Hum Mol Genet. 2012 Jul 15;21(14):3293-8. doi: 10.1093/hmg/dds138.","Hum Mol Genet.  2012","PubMed","citation","PMID:22492995 | PMCID:PMC3491918","pubmed","22492995","create date:2012/04/12 | first author:Ellis JW",
"A genome-wide approach accounting for body mass index identifies genetic variants influencing fasting glycemic traits and insulin resistance.","/pubmed/22581228","Manning AK, Hivert MF, Scott RA, Grimsby JL, Bouatia-Naji N, Chen H, Rybin D, Liu CT, Bielak LF, Prokopenko I, Amin N, Barnes D, Cadby G, Hottenga JJ, Ingelsson E, Jackson AU, Johnson T, Kanoni S, Ladenvall C, Lagou V, Lahti J, Lecoeur C, et al.","Nat Genet. 2012 May 13;44(6):659-69. doi: 10.1038/ng.2274.","Nat Genet.  2012","PubMed","citation","PMID:22581228 | PMCID:PMC3613127","pubmed","22581228","create date:2012/05/15 | first author:Manning AK",
"Genome-wide meta-analysis identifies 56 bone mineral density loci and reveals 14 loci associated with risk of fracture.","/pubmed/22504420","Estrada K, Styrkarsdottir U, Evangelou E, Hsu YH, Duncan EL, Ntzani EE, Oei L, Albagha OM, Amin N, Kemp JP, Koller DL, Li G, Liu CT, Minster RL, Moayyeri A, Vandenput L, Willner D, Xiao SM, Yerges-Armstrong LM, Zheng HF, Alonso N, Eriksson J, et al.","Nat Genet. 2012 Apr 15;44(5):491-501. doi: 10.1038/ng.2249.","Nat Genet.  2012","PubMed","citation","PMID:22504420 | PMCID:PMC3338864","pubmed","22504420","create date:2012/04/17 | first author:Estrada K",
"Heritability of prevalent vertebral fracture and volumetric bone mineral density and geometry at the lumbar spine in three generations of the Framingham study.","/pubmed/22222934","Liu CT, Karasik D, Zhou Y, Hsu YH, Genant HK, Broe KE, Lang TF, Samelson EJ, Demissie S, Bouxsein ML, Cupples LA, Kiel DP.","J Bone Miner Res. 2012 Apr;27(4):954-8. doi: 10.1002/jbmr.1537.","J Bone Miner Res.  2012","PubMed","citation","PMID:22222934 | PMCID:PMC3375687","pubmed","22222934","create date:2012/01/10 | first author:Liu CT",
"Genome-wide association of pericardial fat identifies a unique locus for ectopic fat.","/pubmed/22589742","Fox CS, White CC, Lohman K, Heard-Costa N, Cohen P, Zhang Y, Johnson AD, Emilsson V, Liu CT, Chen YD, Taylor KD, Allison M, Budoff M; CARDIoGRAM Consortium., Rotter JI, Carr JJ, Hoffmann U, Ding J, Cupples LA, Liu Y.","PLoS Genet. 2012;8(5):e1002705. doi: 10.1371/journal.pgen.1002705.","PLoS Genet.  2012","PubMed","citation","PMID:22589742 | PMCID:PMC3349742","pubmed","22589742","create date:2012/05/17 | first author:Fox CS",
"Novel loci for adiponectin levels and their influence on type 2 diabetes and metabolic traits: a multi-ethnic meta-analysis of 45,891 individuals.","/pubmed/22479202","Dastani Z, Hivert MF, Timpson N, Perry JR, Yuan X, Scott RA, Henneman P, Heid IM, Kizer JR, Lyytikäinen LP, Fuchsberger C, Tanaka T, Morris AP, Small K, Isaacs A, Beekman M, Coassin S, Lohman K, Qi L, Kanoni S, Pankow JS, Uh HW, et al.","PLoS Genet. 2012;8(3):e1002607. doi: 10.1371/journal.pgen.1002607.","PLoS Genet.  2012","PubMed","citation","PMID:22479202 | PMCID:PMC3315470","pubmed","22479202","create date:2012/04/06 | first author:Dastani Z",
"Genome-wide association and functional follow-up reveals new loci for kidney function.","/pubmed/22479191","Pattaro C, Köttgen A, Teumer A, Garnaas M, Böger CA, Fuchsberger C, Olden M, Chen MH, Tin A, Taliun D, Li M, Gao X, Gorski M, Yang Q, Hundertmark C, Foster MC, O'Seaghdha CM, Glazer N, Isaacs A, Liu CT, Smith AV, O'Connell JR, et al.","PLoS Genet. 2012;8(3):e1002584. doi: 10.1371/journal.pgen.1002584.","PLoS Genet.  2012","PubMed","citation","PMID:22479191 | PMCID:PMC3315455","pubmed","22479191","create date:2012/04/06 | first author:Pattaro C",
"Comparison of statistical approaches to rare variant analysis for quantitative traits.","/pubmed/22373209","Chen H, Hendricks AE, Cheng Y, Cupples AL, Dupuis J, Liu CT.","BMC Proc. 2011 Nov 29;5 Suppl 9:S113. doi: 10.1186/1753-6561-5-S9-S113.","BMC Proc.  2011","PubMed","citation","PMID:22373209 | PMCID:PMC3287837","pubmed","22373209","create date:2012/03/01 | first author:Chen H",
"Genome-wide association study for serum urate concentrations and gout among African Americans identifies genomic risk loci and a novel URAT1 loss-of-function allele.","/pubmed/21768215","Tin A, Woodward OM, Kao WH, Liu CT, Lu X, Nalls MA, Shriner D, Semmo M, Akylbekova EL, Wyatt SB, Hwang SJ, Yang Q, Zonderman AB, Adeyemo AA, Palmer C, Meng Y, Reilly M, Shlipak MG, Siscovick D, Evans MK, Rotimi CN, Flessner MF, et al.","Hum Mol Genet. 2011 Oct 15;20(20):4056-68. doi: 10.1093/hmg/ddr307.","Hum Mol Genet.  2011","PubMed","citation","PMID:21768215 | PMCID:PMC3177647","pubmed","21768215","create date:2011/07/20 | first author:Tin A",
"Genetic association for renal traits among participants of African ancestry reveals new loci for renal function.","/pubmed/21931561","Liu CT, Garnaas MK, Tin A, Kottgen A, Franceschini N, Peralta CA, de Boer IH, Lu X, Atkinson E, Ding J, Nalls M, Shriner D, Coresh J, Kutlar A, Bibbins-Domingo K, Siscovick D, Akylbekova E, Wyatt S, Astor B, Mychaleckjy J, Li M, Reilly MP, et al.","PLoS Genet. 2011 Sep;7(9):e1002264. doi: 10.1371/journal.pgen.1002264.","PLoS Genet.  2011","PubMed","citation","PMID:21931561 | PMCID:PMC3169523","pubmed","21931561","create date:2011/09/21 | first author:Liu CT",
Title,URL,Description,Details,ShortDetails,Resource,Type,Identifiers,Db,EntrezUID,Properties
"CUBN is a gene locus for albuminuria.","/pubmed/21355061","Böger CA, Chen MH, Tin A, Olden M, Köttgen A, de Boer IH, Fuchsberger C, O'Seaghdha CM, Pattaro C, Teumer A, Liu CT, Glazer NL, Li M, O'Connell JR, Tanaka T, Peralta CA, Kutalik Z, Luan J, Zhao JH, Hwang SJ, Akylbekova E, Kramer H, et al.","J Am Soc Nephrol. 2011 Mar;22(3):555-70. doi: 10.1681/ASN.2010060598.","J Am Soc Nephrol.  2011","PubMed","citation","PMID:21355061 | PMCID:PMC3060449","pubmed","21355061","create date:2011/03/01 | first author:Böger CA",
"Meta-analysis of gene-environment interaction: joint estimation of SNP and SNP × environment regression coefficients.","/pubmed/21181894","Manning AK, LaValley M, Liu CT, Rice K, An P, Liu Y, Miljkovic I, Rasmussen-Torvik L, Harris TB, Province MA, Borecki IB, Florez JC, Meigs JB, Cupples LA, Dupuis J.","Genet Epidemiol. 2011 Jan;35(1):11-8. doi: 10.1002/gepi.20546.","Genet Epidemiol.  2011","PubMed","citation","PMID:21181894 | PMCID:PMC3312394","pubmed","21181894","create date:2010/12/25 | first author:Manning AK",
"An Association Test for Multiple Traits Based on the Generalized Kendall's Tau.","/pubmed/20711441","Zhang H, Liu CT, Wang X.","J Am Stat Assoc. 2010 Jun;105(490):473-481.","J Am Stat Assoc.  2010","PubMed","citation","PMID:20711441 | PMCID:PMC2920220","pubmed","20711441","create date:2010/08/17 | first author:Zhang H",
"Incorporating biological knowledge in the search for gene x gene interaction in genome-wide association studies.","/pubmed/20018077","Manning AK, Ngwa JS, Hendricks AE, Liu CT, Johnson AD, Dupuis J, Cupples LA.","BMC Proc. 2009 Dec 15;3 Suppl 7:S81.","BMC Proc.  2009","PubMed","citation","PMID:20018077 | PMCID:PMC2795984","pubmed","20018077","create date:2009/12/19 | first author:Manning AK",
"Patterns of co-expression for protein complexes by size in Saccharomyces cerevisiae.","/pubmed/19056822","Liu CT, Yuan S, Li KC.","Nucleic Acids Res. 2009 Feb;37(2):526-32. doi: 10.1093/nar/gkn972.","Nucleic Acids Res.  2009","PubMed","citation","PMID:19056822 | PMCID:PMC2632914","pubmed","19056822","create date:2008/12/06 | first author:Liu CT",
"A forest-based approach to identifying gene and gene gene interactions.","/pubmed/18048322","Chen X, Liu CT, Zhang M, Zhang H.","Proc Natl Acad Sci U S A. 2007 Dec 4;104(49):19199-203.","Proc Natl Acad Sci U S A.  2007","PubMed","citation","PMID:18048322 | PMCID:PMC2148267","pubmed","18048322","create date:2007/12/01 | first author:Chen X",
"A system for enhancing genome-wide coexpression dynamics study.","/pubmed/15492223","Li KC, Liu CT, Sun W, Yuan S, Yu T.","Proc Natl Acad Sci U S A. 2004 Nov 2;101(44):15561-6.","Proc Natl Acad Sci U S A.  2004","PubMed","citation","PMID:15492223 | PMCID:PMC524832","pubmed","15492223","create date:2004/10/20 | first author:Li KC",
